<?xml version="1.0" encoding="utf-8"?>
<edmx:Edmx Version="1.0" xmlns:edmx="http://schemas.microsoft.com/ado/2007/06/edmx" xmlns:m="http://schemas.microsoft.com/ado/2007/08/dataservices/metadata" xmlns:sap="http://www.sap.com/Protocols/SAPData">
    <edmx:DataServices m:DataServiceVersion="2.0">
        <Schema Namespace="ZFS_ACCOUNT_CREATION_SRV" xml:lang="it" sap:schema-version="1" xmlns="http://schemas.microsoft.com/ado/2008/09/edm">
            <EntityType Name="Level01" sap:content-version="1">
                <Key>
                    <PropertyRef Name="Level1"/>
                </Key>
                <Property Name="Level1" Type="Edm.String" Nullable="false" MaxLength="10" sap:unicode="false" sap:label="Livello-01" sap:creatable="false" sap:updatable="false"/>
            </EntityType>
            <EntityContainer Name="ZFS_ACCOUNT_CREATION_SRV_Entities" m:IsDefaultEntityContainer="true" sap:supported-formats="atom json xlsx">
                <EntitySet Name="Level01Set" EntityType="ZFS_ACCOUNT_CREATION_SRV.Level01" sap:creatable="false" sap:updatable="false" sap:deletable="false" sap:pageable="false" sap:addressable="false" sap:content-version="1"/>
            </EntityContainer>
            <atom:link rel="self" href="https://vhfstmdsci.sap.gruppofs.it:8001/sap/opu/odata/sap/ZFS_ACCOUNT_CREATION_SRV/$metadata" xmlns:atom="http://www.w3.org/2005/Atom"/>
            <atom:link rel="latest-version" href="https://vhfstmdsci.sap.gruppofs.it:8001/sap/opu/odata/sap/ZFS_ACCOUNT_CREATION_SRV/$metadata" xmlns:atom="http://www.w3.org/2005/Atom"/>
        </Schema>
    </edmx:DataServices>
</edmx:Edmx>